{
  "rouge1": {
    "BART-large": 28.107296459052716,
    "LLaMA-1B": 22.22599418215723,
    "Phi-3-Mini": 24.155261032107568,
    "LLaMA-3B": 22.273045841670587,
    "T5-large": 10.756400589070537
  },
  "rouge2": {
    "BART-large": 9.229024698582371,
    "LLaMA-1B": 9.552434884052618,
    "Phi-3-Mini": 10.463062080759618,
    "LLaMA-3B": 9.871544987816776,
    "T5-large": 1.884287939208273
  },
  "rougeL": {
    "BART-large": 21.038022098109124,
    "LLaMA-1B": 16.04963777529628,
    "Phi-3-Mini": 17.668567642823483,
    "LLaMA-3B": 16.004960728778162,
    "T5-large": 9.492152470691378
  },
  "time": {
    "BART-large": 214.29985427856445,
    "LLaMA-1B": 479.1410655975342,
    "Phi-3-Mini": 1280.1138715744019,
    "LLaMA-3B": 968.1695771217346,
    "T5-large": 731.983770608902
  },
  "throughput": {
    "BART-large": 0.9332717498726045,
    "LLaMA-1B": 0.417413606054787,
    "Phi-3-Mini": 0.15623610089782217,
    "LLaMA-3B": 0.20657538175758297,
    "T5-large": 0.27323010158221084
  },
  "efficiency": {
    "BART-large": 0.09817095848680413,
    "LLaMA-1B": 0.03349668589829775,
    "Phi-3-Mini": 0.013802340584820827,
    "LLaMA-3B": 0.01653115436281236,
    "T5-large": 0.012967708919004194
  },
  "composite_score": {
    "BART-large": 1.0,
    "LLaMA-1B": 0.4514238151975347,
    "Phi-3-Mini": 0.4273497312127361,
    "LLaMA-3B": 0.35862201621638445,
    "T5-large": 0.022584678226555643
  }
}