,rouge1,rouge2,rougeL,time,throughput,efficiency,composite_score
BART-large,28.107296459052716,9.229024698582371,21.038022098109124,214.29985427856445,0.9332717498726045,0.09817095848680413,1.0
LLaMA-1B,22.22599418215723,9.552434884052618,16.04963777529628,479.1410655975342,0.417413606054787,0.03349668589829775,0.4514238151975347
Phi-3-Mini,24.155261032107568,10.463062080759618,17.668567642823483,1280.1138715744019,0.15623610089782217,0.013802340584820827,0.4273497312127361
LLaMA-3B,22.273045841670587,9.871544987816776,16.004960728778162,968.1695771217346,0.20657538175758297,0.01653115436281236,0.35862201621638445
T5-large,10.756400589070537,1.884287939208273,9.492152470691378,731.983770608902,0.27323010158221084,0.012967708919004194,0.022584678226555643
