,model_id,rouge1,rouge2,rougeL,time,throughput,efficiency,composite_score
BART-large,facebook/bart-large-cnn,28.10538263801805,9.183428921420736,21.06263592241094,101.63183641433716,1.9678872984704436,0.20724446852009892,1.230693974550218
LLaMA-1B,meta-llama/Llama-3.2-1B-Instruct,28.635874255728172,9.618124519432426,21.205387493718362,393.9294948577881,0.5077050655275298,0.05383041323517471,0.4632295061715081
LLaMA-3B,meta-llama/Llama-3.2-3B-Instruct,23.771792578237726,8.222793347601673,17.30620340596481,748.2234883308411,0.26729981498731864,0.023129724842736486,-0.16234214229540284
Phi-3-Mini,microsoft/Phi-3-mini-4k-instruct,20.55044153573202,7.028457391087324,14.306676735319487,987.636198759079,0.2025037156913559,0.014485775990486366,-0.5716190747330833
T5-large,t5-large,10.977281761408955,1.9440093037647932,9.636944068641258,263.02784180641174,0.7603757785732805,0.03663849424630127,-0.9599622636932412
